NO_CURSO;NO_TIPO_CURSO;NO_MODALIDADE;NO_TIPO_OFERTA;CAMPUS;DATA INICIO;DATA FIM
TÉCNICO EM MELHORIA DE PROCESSOS;TÉCNICO;EDUCAÇÃO PRESENCIAL;SUBSEQUENTE;ARAPONGAS;04/04/2022;12/12/2025
TÉCNICO EM ADMINISTRAÇÃO;TÉCNICO;EDUCAÇÃO A DISTÂNCIA;SUBSEQUENTE;ASSIS CHATEAUBRIAND;01/09/2010;22/12/2017
TÉCNICO EM AGENTE COMUNITÁRIO DE SAÚDE;TÉCNICO;EDUCAÇÃO A DISTÂNCIA;SUBSEQUENTE;ASSIS CHATEAUBRIAND;14/12/2015;22/12/2017
TÉCNICO EM AGRICULTURA;TÉCNICO;EDUCAÇÃO PRESENCIAL;INTEGRADO;ASSIS CHATEAUBRIAND;06/02/2018;22/12/2020
TÉCNICO EM AGROECOLOGIA;TÉCNICO;EDUCAÇÃO PRESENCIAL;CONCOMITANTE;ASSIS CHATEAUBRIAND;01/08/2011;01/07/2013
TÉCNICO EM AGROECOLOGIA;TÉCNICO;EDUCAÇÃO PRESENCIAL;SUBSEQUENTE;ASSIS CHATEAUBRIAND;18/02/2013;23/07/2020
TÉCNICO EM AGROPECUÁRIA;TÉCNICO;EDUCAÇÃO PRESENCIAL;INTEGRADO;ASSIS CHATEAUBRIAND;06/02/2018;31/12/2026
TÉCNICO EM AGROPECUÁRIA;TÉCNICO;EDUCAÇÃO PRESENCIAL;SUBSEQUENTE;ASSIS CHATEAUBRIAND;20/05/2021;31/12/2025
TÉCNICO EM ALIMENTOS;TÉCNICO;EDUCAÇÃO PRESENCIAL;SUBSEQUENTE;ASSIS CHATEAUBRIAND;23/02/2023;31/12/2025
TÉCNICO EM COMÉRCIO;TÉCNICO;EDUCAÇÃO PRESENCIAL;INTEGRADO;ASSIS CHATEAUBRIAND;08/02/2023;31/12/2026
TÉCNICO EM DESENVOLVIMENTO DE SISTEMAS;TÉCNICO;EDUCAÇÃO PRESENCIAL;SUBSEQUENTE;ASSIS CHATEAUBRIAND;11/03/2019;09/09/2021
TÉCNICO EM ELETROMECÂNICA;TÉCNICO;EDUCAÇÃO PRESENCIAL;INTEGRADO;ASSIS CHATEAUBRIAND;05/02/2014;31/12/2027
TÉCNICO EM ELETROMECÂNICA;TÉCNICO;EDUCAÇÃO PRESENCIAL;SUBSEQUENTE;ASSIS CHATEAUBRIAND;13/02/2012;31/12/2025
TÉCNICO EM ELETROTÉCNICA;TÉCNICO;EDUCAÇÃO PRESENCIAL;SUBSEQUENTE;ASSIS CHATEAUBRIAND;24/05/2010;31/12/2025
TÉCNICO EM INFORMÁTICA;TÉCNICO;EDUCAÇÃO PRESENCIAL;CONCOMITANTE;ASSIS CHATEAUBRIAND;01/08/2011;14/12/2012
TÉCNICO EM INFORMÁTICA;TÉCNICO;EDUCAÇÃO PRESENCIAL;INTEGRADO;ASSIS CHATEAUBRIAND;13/02/2012;31/12/2022
TÉCNICO EM INFORMÁTICA PARA INTERNET;TÉCNICO;EDUCAÇÃO PRESENCIAL;INTEGRADO;ASSIS CHATEAUBRIAND;06/02/2020;31/12/2026
TÉCNICO EM LOGÍSTICA;TÉCNICO;EDUCAÇÃO A DISTÂNCIA;SUBSEQUENTE;ASSIS CHATEAUBRIAND;14/12/2015;22/12/2017
TÉCNICO EM MANUTENÇÃO E SUPORTE EM INFORMÁTICA;TÉCNICO;EDUCAÇÃO PRESENCIAL;SUBSEQUENTE;ASSIS CHATEAUBRIAND;24/05/2010;17/07/2015
TÉCNICO EM MEIO AMBIENTE;TÉCNICO;EDUCAÇÃO A DISTÂNCIA;SUBSEQUENTE;ASSIS CHATEAUBRIAND;14/12/2015;22/12/2017
TÉCNICO EM ORIENTAÇÃO COMUNITÁRIA;TÉCNICO;EDUCAÇÃO PRESENCIAL;INTEGRADO;ASSIS CHATEAUBRIAND;06/02/2018;05/07/2019
TÉCNICO EM ORIENTAÇÃO COMUNITÁRIA;TÉCNICO;EDUCAÇÃO PRESENCIAL;SUBSEQUENTE;ASSIS CHATEAUBRIAND;01/08/2011;10/08/2018
TÉCNICO EM SECRETARIADO;TÉCNICO;EDUCAÇÃO A DISTÂNCIA;SUBSEQUENTE;ASSIS CHATEAUBRIAND;01/09/2010;21/12/2012
TÉCNICO EM SEGURANÇA DO TRABALHO;TÉCNICO;EDUCAÇÃO A DISTÂNCIA;SUBSEQUENTE;ASSIS CHATEAUBRIAND;14/12/2015;24/11/2019
TÉCNICO EM SERVIÇOS PÚBLICOS;TÉCNICO;EDUCAÇÃO A DISTÂNCIA;SUBSEQUENTE;ASSIS CHATEAUBRIAND;14/12/2015;22/12/2017
TÉCNICO EM TELECOMUNICAÇÕES;TÉCNICO;EDUCAÇÃO PRESENCIAL;SUBSEQUENTE;ASSIS CHATEAUBRIAND;24/05/2010;22/12/2012
TÉCNICO EM ADMINISTRAÇÃO;TÉCNICO;EDUCAÇÃO A DISTÂNCIA;SUBSEQUENTE;ASTORGA;14/12/2015;22/12/2016
TÉCNICO EM AGENTE COMUNITÁRIO DE SAÚDE;TÉCNICO;EDUCAÇÃO A DISTÂNCIA;SUBSEQUENTE;ASTORGA;14/12/2015;22/12/2017
TÉCNICO EM DESENVOLVIMENTO DE SISTEMAS;TÉCNICO;EDUCAÇÃO PRESENCIAL;SUBSEQUENTE;ASTORGA;07/02/2020;18/12/2026
TÉCNICO EM INFORMÁTICA;TÉCNICO;EDUCAÇÃO PRESENCIAL;INTEGRADO;ASTORGA;01/08/2015;20/12/2027
TÉCNICO EM MEIO AMBIENTE;TÉCNICO;EDUCAÇÃO A DISTÂNCIA;SUBSEQUENTE;ASTORGA;14/12/2015;22/12/2017
TÉCNICO EM SEGURANÇA DO TRABALHO;TÉCNICO;EDUCAÇÃO A DISTÂNCIA;SUBSEQUENTE;ASTORGA;14/12/2015;22/12/2017
TÉCNICO EM ADMINISTRAÇÃO;TÉCNICO;EDUCAÇÃO PRESENCIAL;INTEGRADO;BARRACÃO;01/04/2015;23/12/2027
TÉCNICO EM INFORMÁTICA;TÉCNICO;EDUCAÇÃO PRESENCIAL;INTEGRADO;BARRACÃO;06/02/2018;23/12/2027
TÉCNICO EM LOGÍSTICA;TÉCNICO;EDUCAÇÃO A DISTÂNCIA;SUBSEQUENTE;BARRACÃO;14/12/2015;22/12/2017
TÉCNICO EM MEIO AMBIENTE;TÉCNICO;EDUCAÇÃO A DISTÂNCIA;SUBSEQUENTE;BARRACÃO;14/12/2015;22/12/2017
TÉCNICO EM ADMINISTRAÇÃO;TÉCNICO;EDUCAÇÃO A DISTÂNCIA;INTEGRADO;CAMPO LARGO;15/02/2023;22/12/2025
TÉCNICO EM ADMINISTRAÇÃO;TÉCNICO;EDUCAÇÃO A DISTÂNCIA;SUBSEQUENTE;CAMPO LARGO;17/09/2010;17/12/2012
TÉCNICO EM ADMINISTRAÇÃO;TÉCNICO;EDUCAÇÃO PRESENCIAL;INTEGRADO;CAMPO LARGO;18/02/2019;17/12/2027
TÉCNICO EM ADMINISTRAÇÃO;TÉCNICO;EDUCAÇÃO PRESENCIAL;SUBSEQUENTE;CAMPO LARGO;15/02/2016;16/12/2022
TÉCNICO EM AGENTE COMUNITÁRIO DE SAÚDE;TÉCNICO;EDUCAÇÃO A DISTÂNCIA;SUBSEQUENTE;CAMPO LARGO;05/12/2022;05/12/2024
TÉCNICO EM AGROECOLOGIA;TÉCNICO;EDUCAÇÃO PRESENCIAL;INTEGRADO;CAMPO LARGO;08/12/2014;17/12/2027
TÉCNICO EM AGROECOLOGIA;TÉCNICO;EDUCAÇÃO PRESENCIAL;SUBSEQUENTE;CAMPO LARGO;01/03/2010;31/07/2018
TÉCNICO EM AUTOMAÇÃO INDUSTRIAL;TÉCNICO;EDUCAÇÃO PRESENCIAL;INTEGRADO;CAMPO LARGO;15/02/2016;17/12/2027
TÉCNICO EM CERÂMICA;TÉCNICO;EDUCAÇÃO PRESENCIAL;SUBSEQUENTE;CAMPO LARGO;01/08/2013;14/04/2023
TÉCNICO EM ELETROMECÂNICA;TÉCNICO;EDUCAÇÃO PRESENCIAL;INTEGRADO;CAMPO LARGO;06/02/2014;23/12/2022
TÉCNICO EM ELETROTÉCNICA;TÉCNICO;EDUCAÇÃO PRESENCIAL;SUBSEQUENTE;CAMPO LARGO;01/03/2010;22/12/2020
TÉCNICO EM LOGÍSTICA;TÉCNICO;EDUCAÇÃO A DISTÂNCIA;SUBSEQUENTE;CAMPO LARGO;05/12/2022;05/12/2024
TÉCNICO EM MECÂNICA;TÉCNICO;EDUCAÇÃO PRESENCIAL;INTEGRADO;CAMPO LARGO;06/02/2020;17/12/2027
TÉCNICO EM MECÂNICA;TÉCNICO;EDUCAÇÃO PRESENCIAL;SUBSEQUENTE;CAMPO LARGO;01/03/2010;19/12/2025
TÉCNICO EM MEIO AMBIENTE;TÉCNICO;EDUCAÇÃO A DISTÂNCIA;SUBSEQUENTE;CAMPO LARGO;05/12/2022;05/12/2024
TÉCNICO EM SECRETARIADO;TÉCNICO;EDUCAÇÃO A DISTÂNCIA;SUBSEQUENTE;CAMPO LARGO;19/09/2010;17/12/2012
TÉCNICO EM ADMINISTRAÇÃO;TÉCNICO;EDUCAÇÃO A DISTÂNCIA;SUBSEQUENTE;CAPANEMA;21/11/2017;31/12/2019
TÉCNICO EM AGENTE COMUNITÁRIO DE SAÚDE;TÉCNICO;EDUCAÇÃO A DISTÂNCIA;SUBSEQUENTE;CAPANEMA;02/12/2015;31/12/2017
TÉCNICO EM AGROECOLOGIA;TÉCNICO;EDUCAÇÃO PRESENCIAL;INTEGRADO;CAPANEMA;06/02/2018;30/12/2026
TÉCNICO EM COOPERATIVISMO;TÉCNICO;EDUCAÇÃO PRESENCIAL;INTEGRADO;CAPANEMA;07/02/2015;30/12/2027
TÉCNICO EM INFORMÁTICA;TÉCNICO;EDUCAÇÃO PRESENCIAL;INTEGRADO;CAPANEMA;06/02/2017;30/12/2026
TÉCNICO EM LOGÍSTICA;TÉCNICO;EDUCAÇÃO A DISTÂNCIA;SUBSEQUENTE;CAPANEMA;05/12/2022;05/12/2024
TÉCNICO EM MEIO AMBIENTE;TÉCNICO;EDUCAÇÃO A DISTÂNCIA;SUBSEQUENTE;CAPANEMA;22/11/2017;05/12/2024
TÉCNICO EM SEGURANÇA DO TRABALHO;TÉCNICO;EDUCAÇÃO A DISTÂNCIA;SUBSEQUENTE;CAPANEMA;14/12/2015;31/12/2019
TÉCNICO EM SERVIÇOS PÚBLICOS;TÉCNICO;EDUCAÇÃO A DISTÂNCIA;SUBSEQUENTE;CAPANEMA;14/12/2015;31/12/2017
TÉCNICO EM ADMINISTRAÇÃO;TÉCNICO;EDUCAÇÃO A DISTÂNCIA;SUBSEQUENTE;CASCAVEL;14/12/2015;01/07/2018
TÉCNICO EM ANÁLISES QUÍMICAS;TÉCNICO;EDUCAÇÃO PRESENCIAL;INTEGRADO;CASCAVEL;15/02/2016;31/12/2023
TÉCNICO EM EDIFICAÇÕES;TÉCNICO;EDUCAÇÃO PRESENCIAL;INTEGRADO;CASCAVEL;06/02/2020;31/12/2026
TÉCNICO EM INFORMÁTICA;TÉCNICO;EDUCAÇÃO PRESENCIAL;INTEGRADO;CASCAVEL;18/03/2013;31/12/2026
TÉCNICO EM INFORMÁTICA;TÉCNICO;EDUCAÇÃO PRESENCIAL;SUBSEQUENTE;CASCAVEL;23/02/2011;19/12/2014
TÉCNICO EM MEIO AMBIENTE;TÉCNICO;EDUCAÇÃO A DISTÂNCIA;SUBSEQUENTE;CASCAVEL;26/02/2019;18/12/2020
TÉCNICO EM QUÍMICA;TÉCNICO;EDUCAÇÃO PRESENCIAL;INTEGRADO;CASCAVEL;03/03/2022;31/12/2026
TÉCNICO EM SEGURANÇA DO TRABALHO;TÉCNICO;EDUCAÇÃO A DISTÂNCIA;SUBSEQUENTE;CASCAVEL;14/12/2015;30/04/2018
TÉCNICO EM ADMINISTRAÇÃO;TÉCNICO;EDUCAÇÃO A DISTÂNCIA;SUBSEQUENTE;COLOMBO;25/04/2016;29/10/2021
TÉCNICO EM ADMINISTRAÇÃO;TÉCNICO;EDUCAÇÃO PRESENCIAL;INTEGRADO;COLOMBO;06/02/2020;31/12/2026
TÉCNICO EM ADMINISTRAÇÃO;TÉCNICO;EDUCAÇÃO PRESENCIAL;SUBSEQUENTE;COLOMBO;07/02/2019;30/06/2023
TÉCNICO EM AGENTE COMUNITÁRIO DE SAÚDE;TÉCNICO;EDUCAÇÃO A DISTÂNCIA;SUBSEQUENTE;COLOMBO;04/09/2014;05/12/2024
TÉCNICO EM AGROINDÚSTRIA;TÉCNICO;EDUCAÇÃO PRESENCIAL;INTEGRADO;COLOMBO;14/04/2016;22/12/2019
TÉCNICO EM ALIMENTOS;TÉCNICO;EDUCAÇÃO PRESENCIAL;INTEGRADO;COLOMBO;06/02/2017;31/12/2027
TÉCNICO EM INFORMÁTICA;TÉCNICO;EDUCAÇÃO PRESENCIAL;INTEGRADO;COLOMBO;28/07/2015;31/12/2027
TÉCNICO EM LOGÍSTICA;TÉCNICO;EDUCAÇÃO A DISTÂNCIA;SUBSEQUENTE;COLOMBO;01/01/2017;05/12/2024
TÉCNICO EM MEIO AMBIENTE;TÉCNICO;EDUCAÇÃO A DISTÂNCIA;SUBSEQUENTE;COLOMBO;01/01/2017;05/12/2024
TÉCNICO EM SEGURANÇA DO TRABALHO;TÉCNICO;EDUCAÇÃO A DISTÂNCIA;SUBSEQUENTE;COLOMBO;01/01/2017;19/10/2020
TÉCNICO EM SERVIÇOS PÚBLICOS;TÉCNICO;EDUCAÇÃO A DISTÂNCIA;SUBSEQUENTE;COLOMBO;25/04/2016;21/09/2020
TÉCNICO EM VENDAS;TÉCNICO;EDUCAÇÃO A DISTÂNCIA;SUBSEQUENTE;COLOMBO;01/01/2017;17/08/2020
TÉCNICO EM ADMINISTRAÇÃO;TÉCNICO;EDUCAÇÃO A DISTÂNCIA;SUBSEQUENTE;CORONEL VIVIDA;20/11/2017;31/12/2019
TÉCNICO EM ADMINISTRAÇÃO;TÉCNICO;EDUCAÇÃO PRESENCIAL;INTEGRADO;CORONEL VIVIDA;09/02/2015;18/12/2026
TÉCNICO EM ADMINISTRAÇÃO;TÉCNICO;EDUCAÇÃO PRESENCIAL;SUBSEQUENTE;CORONEL VIVIDA;18/02/2013;15/07/2016
TÉCNICO EM COOPERATIVISMO;TÉCNICO;EDUCAÇÃO PRESENCIAL;INTEGRADO;CORONEL VIVIDA;06/02/2018;18/12/2026
TÉCNICO EM LOGÍSTICA;TÉCNICO;EDUCAÇÃO A DISTÂNCIA;SUBSEQUENTE;CORONEL VIVIDA;14/12/2015;22/12/2017
TÉCNICO EM MEIO AMBIENTE;TÉCNICO;EDUCAÇÃO A DISTÂNCIA;SUBSEQUENTE;CORONEL VIVIDA;14/12/2015;22/12/2017
TÉCNICO EM SEGURANÇA DO TRABALHO;TÉCNICO;EDUCAÇÃO A DISTÂNCIA;SUBSEQUENTE;CORONEL VIVIDA;14/12/2015;31/12/2019
TÉCNICO EM SERVIÇOS PÚBLICOS;TÉCNICO;EDUCAÇÃO A DISTÂNCIA;SUBSEQUENTE;CORONEL VIVIDA;20/11/2017;31/12/2019
TÉCNICO EM ADMINISTRAÇÃO;TÉCNICO;EDUCAÇÃO A DISTÂNCIA;CONCOMITANTE;CURITIBA;01/04/2014;01/04/2015
TÉCNICO EM ADMINISTRAÇÃO;TÉCNICO;EDUCAÇÃO A DISTÂNCIA;INTEGRADO;CURITIBA;01/04/2014;09/04/2015
TÉCNICO EM ADMINISTRAÇÃO;TÉCNICO;EDUCAÇÃO A DISTÂNCIA;SUBSEQUENTE;CURITIBA;14/09/2010;03/08/2020
TÉCNICO EM ADMINISTRAÇÃO;TÉCNICO;EDUCAÇÃO PRESENCIAL;INTEGRADO;CURITIBA;12/03/2010;19/12/2026
TÉCNICO EM ADMINISTRAÇÃO;TÉCNICO;EDUCAÇÃO PRESENCIAL;SUBSEQUENTE;CURITIBA;01/03/2010;13/07/2019
TÉCNICO EM AGENTE COMUNITÁRIO DE SAÚDE;TÉCNICO;EDUCAÇÃO A DISTÂNCIA;SUBSEQUENTE;CURITIBA;14/12/2015;05/12/2024
TÉCNICO EM AGROECOLOGIA;TÉCNICO;EDUCAÇÃO PRESENCIAL;INTEGRADO;CURITIBA;05/03/2009;21/12/2012
TÉCNICO EM AGROECOLOGIA;TÉCNICO;EDUCAÇÃO PRESENCIAL;SUBSEQUENTE;CURITIBA;03/08/2009;21/12/2012
TÉCNICO EM ALIMENTAÇÃO ESCOLAR;TÉCNICO;EDUCAÇÃO A DISTÂNCIA;SUBSEQUENTE;CURITIBA;22/05/2012;06/05/2014
TÉCNICO EM AQUICULTURA;TÉCNICO;EDUCAÇÃO A DISTÂNCIA;INTEGRADO;CURITIBA;08/11/2010;11/03/2013
TÉCNICO EM CONDOMÍNIO;TÉCNICO;EDUCAÇÃO PRESENCIAL;SUBSEQUENTE;CURITIBA;09/08/2021;20/12/2024
TÉCNICO EM CONTABILIDADE;TÉCNICO;EDUCAÇÃO PRESENCIAL;INTEGRADO;CURITIBA;03/03/2008;19/12/2026
TÉCNICO EM CONTABILIDADE;TÉCNICO;EDUCAÇÃO PRESENCIAL;SUBSEQUENTE;CURITIBA;02/03/2009;20/12/2012
TÉCNICO EM EDIFICAÇÕES;TÉCNICO;EDUCAÇÃO PRESENCIAL;SUBSEQUENTE;CURITIBA;03/03/2010;20/12/2025
TÉCNICO EM ELETROMECÂNICA;TÉCNICO;EDUCAÇÃO PRESENCIAL;SUBSEQUENTE;CURITIBA;01/03/2010;20/12/2025
TÉCNICO EM ELETRÔNICA;TÉCNICO;EDUCAÇÃO PRESENCIAL;INTEGRADO;CURITIBA;13/02/2012;19/12/2026
TÉCNICO EM ELETROTÉCNICA;TÉCNICO;EDUCAÇÃO PRESENCIAL;SUBSEQUENTE;CURITIBA;03/03/2010;23/12/2026
TÉCNICO EM ENFERMAGEM;TÉCNICO;EDUCAÇÃO PRESENCIAL;SUBSEQUENTE;CURITIBA;02/03/2009;20/12/2025
TÉCNICO EM EVENTOS;TÉCNICO;EDUCAÇÃO A DISTÂNCIA;SUBSEQUENTE;CURITIBA;05/10/2011;28/12/2022
TÉCNICO EM EVENTOS;TÉCNICO;EDUCAÇÃO PRESENCIAL;SUBSEQUENTE;CURITIBA;03/03/2010;20/12/2024
TÉCNICO EM HOSPEDAGEM;TÉCNICO;EDUCAÇÃO A DISTÂNCIA;SUBSEQUENTE;CURITIBA;12/04/2013;30/10/2015
TÉCNICO EM INFORMÁTICA;TÉCNICO;EDUCAÇÃO PRESENCIAL;INTEGRADO;CURITIBA;03/03/2008;19/12/2027
TÉCNICO EM INFRAESTRUTURA ESCOLAR;TÉCNICO;EDUCAÇÃO A DISTÂNCIA;SUBSEQUENTE;CURITIBA;24/05/2012;08/05/2014
TÉCNICO EM LOGÍSTICA;TÉCNICO;EDUCAÇÃO A DISTÂNCIA;SUBSEQUENTE;CURITIBA;25/08/2011;05/12/2024
TÉCNICO EM MASSOTERAPIA;TÉCNICO;EDUCAÇÃO PRESENCIAL;SUBSEQUENTE;CURITIBA;27/07/2009;04/07/2025
TÉCNICO EM MECÂNICA;TÉCNICO;EDUCAÇÃO PRESENCIAL;INTEGRADO;CURITIBA;01/03/2010;19/12/2026
TÉCNICO EM MECÂNICA;TÉCNICO;EDUCAÇÃO PRESENCIAL;SUBSEQUENTE;CURITIBA;14/02/2011;23/12/2026
TÉCNICO EM MEIO AMBIENTE;TÉCNICO;EDUCAÇÃO A DISTÂNCIA;SUBSEQUENTE;CURITIBA;01/08/2008;05/12/2024
TÉCNICO EM MULTIMEIOS DIDÁTICOS;TÉCNICO;EDUCAÇÃO A DISTÂNCIA;SUBSEQUENTE;CURITIBA;21/05/2012;31/12/2016
TÉCNICO EM PESCA;TÉCNICO;EDUCAÇÃO A DISTÂNCIA;INTEGRADO;CURITIBA;08/11/2010;11/03/2013
TÉCNICO EM PETRÓLEO E GÁS;TÉCNICO;EDUCAÇÃO PRESENCIAL;INTEGRADO;CURITIBA;03/03/2008;19/12/2026
TÉCNICO EM PROCESSOS FOTOGRÁFICOS;TÉCNICO;EDUCAÇÃO PRESENCIAL;INTEGRADO;CURITIBA;14/02/2011;19/12/2026
TÉCNICO EM PROCESSOS FOTOGRÁFICOS;TÉCNICO;EDUCAÇÃO PRESENCIAL;SUBSEQUENTE;CURITIBA;12/03/2010;28/12/2024
TÉCNICO EM PRODUÇÃO DE ÁUDIO E VÍDEO;TÉCNICO;EDUCAÇÃO PRESENCIAL;SUBSEQUENTE;CURITIBA;03/03/2010;20/12/2025
TÉCNICO EM PROGRAMAÇÃO DE JOGOS DIGITAIS;TÉCNICO;EDUCAÇÃO PRESENCIAL;INTEGRADO;CURITIBA;01/03/2010;18/12/2027
TÉCNICO EM PRÓTESE DENTÁRIA;TÉCNICO;EDUCAÇÃO PRESENCIAL;INTEGRADO;CURITIBA;06/02/2018;21/12/2020
TÉCNICO EM PRÓTESE DENTÁRIA;TÉCNICO;EDUCAÇÃO PRESENCIAL;SUBSEQUENTE;CURITIBA;02/03/2009;18/12/2025
TÉCNICO EM RADIOLOGIA;TÉCNICO;EDUCAÇÃO A DISTÂNCIA;SUBSEQUENTE;CURITIBA;08/08/2008;23/12/2023
TÉCNICO EM RADIOLOGIA;TÉCNICO;EDUCAÇÃO PRESENCIAL;SUBSEQUENTE;CURITIBA;02/03/2009;20/12/2025
TÉCNICO EM REABILITAÇÃO DE DEPENDENTES QUÍMICOS;TÉCNICO;EDUCAÇÃO A DISTÂNCIA;SUBSEQUENTE;CURITIBA;07/04/2011;25/04/2014
TÉCNICO EM SAÚDE BUCAL;TÉCNICO;EDUCAÇÃO PRESENCIAL;INTEGRADO;CURITIBA;02/03/2015;22/12/2017
TÉCNICO EM SAÚDE BUCAL;TÉCNICO;EDUCAÇÃO PRESENCIAL;SUBSEQUENTE;CURITIBA;02/03/2009;20/12/2025
TÉCNICO EM SECRETARIADO;TÉCNICO;EDUCAÇÃO A DISTÂNCIA;SUBSEQUENTE;CURITIBA;02/03/2009;30/11/2012
TÉCNICO EM SECRETARIADO;TÉCNICO;EDUCAÇÃO PRESENCIAL;SUBSEQUENTE;CURITIBA;01/03/2010;22/12/2017
TÉCNICO EM SECRETARIA ESCOLAR;TÉCNICO;EDUCAÇÃO A DISTÂNCIA;SUBSEQUENTE;CURITIBA;23/05/2012;31/12/2016
TÉCNICO EM SEGURANÇA DO TRABALHO;TÉCNICO;EDUCAÇÃO A DISTÂNCIA;SUBSEQUENTE;CURITIBA;08/08/2008;19/10/2020
TÉCNICO EM SERVIÇOS PÚBLICOS;TÉCNICO;EDUCAÇÃO A DISTÂNCIA;SUBSEQUENTE;CURITIBA;02/03/2009;21/09/2020
TÉCNICO EM TELECOMUNICAÇÕES;TÉCNICO;EDUCAÇÃO PRESENCIAL;SUBSEQUENTE;CURITIBA;03/03/2010;20/12/2025
TÉCNICO EM TRANSAÇÕES IMOBILIÁRIAS;TÉCNICO;EDUCAÇÃO A DISTÂNCIA;SUBSEQUENTE;CURITIBA;12/04/2013;30/10/2016
TÉCNICO EM TRANSAÇÕES IMOBILIÁRIAS;TÉCNICO;EDUCAÇÃO PRESENCIAL;SUBSEQUENTE;CURITIBA;27/07/2009;18/12/2020
TÉCNICO EM VIGILÂNCIA EM SAÚDE;TÉCNICO;EDUCAÇÃO A DISTÂNCIA;SUBSEQUENTE;CURITIBA;08/08/2008;30/06/2010
TECNOLOGIA EM GESTÃO PÚBLICA;TÉCNICO;EDUCAÇÃO A DISTÂNCIA;SUBSEQUENTE;CURITIBA;24/09/2008;01/12/2010
TÉCNICO EM ADMINISTRAÇÃO;TÉCNICO;EDUCAÇÃO A DISTÂNCIA;SUBSEQUENTE;FOZ DO IGUAÇU;02/09/2010;19/12/2020
TÉCNICO EM AQUICULTURA;TÉCNICO;EDUCAÇÃO PRESENCIAL;INTEGRADO;FOZ DO IGUAÇU;09/02/2009;16/12/2026
TÉCNICO EM AQUICULTURA;TÉCNICO;EDUCAÇÃO PRESENCIAL;SUBSEQUENTE;FOZ DO IGUAÇU;03/08/2009;18/07/2019
TÉCNICO EM COZINHA;TÉCNICO;EDUCAÇÃO PRESENCIAL;CONCOMITANTE;FOZ DO IGUAÇU;23/02/2011;21/12/2012
TÉCNICO EM COZINHA;TÉCNICO;EDUCAÇÃO PRESENCIAL;SUBSEQUENTE;FOZ DO IGUAÇU;01/03/2013;24/05/2022
TÉCNICO EM DESENVOLVIMENTO DE SISTEMAS;TÉCNICO;EDUCAÇÃO PRESENCIAL;INTEGRADO;FOZ DO IGUAÇU;06/02/2020;16/12/2027
TÉCNICO EM EDIFICAÇÕES;TÉCNICO;EDUCAÇÃO PRESENCIAL;INTEGRADO;FOZ DO IGUAÇU;23/02/2011;16/12/2027
TÉCNICO EM GASTRONOMIA;TÉCNICO;EDUCAÇÃO PRESENCIAL;SUBSEQUENTE;FOZ DO IGUAÇU;06/03/2023;16/12/2024
TÉCNICO EM HIDROLOGIA;TÉCNICO;EDUCAÇÃO PRESENCIAL;SUBSEQUENTE;FOZ DO IGUAÇU;23/02/2011;13/12/2016
TÉCNICO EM INFORMÁTICA;TÉCNICO;EDUCAÇÃO PRESENCIAL;INTEGRADO;FOZ DO IGUAÇU;01/03/2010;20/12/2022
TÉCNICO EM LOGÍSTICA;TÉCNICO;EDUCAÇÃO A DISTÂNCIA;SUBSEQUENTE;FOZ DO IGUAÇU;06/02/2018;22/12/2019
TÉCNICO EM MEIO AMBIENTE;TÉCNICO;EDUCAÇÃO A DISTÂNCIA;SUBSEQUENTE;FOZ DO IGUAÇU;01/03/2019;05/12/2024
TÉCNICO EM MEIO AMBIENTE;TÉCNICO;EDUCAÇÃO PRESENCIAL;INTEGRADO;FOZ DO IGUAÇU;06/02/2017;16/12/2027
TÉCNICO EM SECRETARIADO;TÉCNICO;EDUCAÇÃO A DISTÂNCIA;SUBSEQUENTE;FOZ DO IGUAÇU;02/09/2010;30/07/2012
TÉCNICO EM SEGURANÇA DO TRABALHO;TÉCNICO;EDUCAÇÃO A DISTÂNCIA;SUBSEQUENTE;FOZ DO IGUAÇU;24/11/2017;19/12/2020
TÉCNICO EM SERVIÇOS PÚBLICOS;TÉCNICO;EDUCAÇÃO A DISTÂNCIA;SUBSEQUENTE;FOZ DO IGUAÇU;14/12/2015;22/12/2017
TÉCNICO EM INFORMÁTICA;TÉCNICO;EDUCAÇÃO PRESENCIAL;INTEGRADO;GOIOERÊ;01/04/2015;22/12/2027
TÉCNICO EM INFORMÁTICA;TÉCNICO;EDUCAÇÃO PRESENCIAL;SUBSEQUENTE;GOIOERÊ;16/02/2016;30/07/2017
TÉCNICO EM LOGÍSTICA;TÉCNICO;EDUCAÇÃO A DISTÂNCIA;SUBSEQUENTE;GOIOERÊ;14/12/2015;22/12/2017
TÉCNICO EM MEIO AMBIENTE;TÉCNICO;EDUCAÇÃO A DISTÂNCIA;SUBSEQUENTE;GOIOERÊ;14/12/2015;22/12/2017
TÉCNICO EM PRODUÇÃO DE MODA;TÉCNICO;EDUCAÇÃO PRESENCIAL;INTEGRADO;GOIOERÊ;06/02/2017;18/12/2026
TÉCNICO EM SEGURANÇA DO TRABALHO;TÉCNICO;EDUCAÇÃO A DISTÂNCIA;SUBSEQUENTE;GOIOERÊ;14/12/2015;22/12/2017
TÉCNICO EM SERVIÇOS PÚBLICOS;TÉCNICO;EDUCAÇÃO A DISTÂNCIA;SUBSEQUENTE;GOIOERÊ;14/12/2015;22/12/2017
TÉCNICO EM ADMINISTRAÇÃO;TÉCNICO;EDUCAÇÃO A DISTÂNCIA;SUBSEQUENTE;IRATI;23/09/2010;22/12/2017
TÉCNICO EM AGENTE COMUNITÁRIO DE SAÚDE;TÉCNICO;EDUCAÇÃO A DISTÂNCIA;SUBSEQUENTE;IRATI;05/12/2022;05/12/2024
TÉCNICO EM AGROECOLOGIA;TÉCNICO;EDUCAÇÃO PRESENCIAL;INTEGRADO;IRATI;05/02/2014;17/12/2026
TÉCNICO EM AGROECOLOGIA;TÉCNICO;EDUCAÇÃO PRESENCIAL;SUBSEQUENTE;IRATI;29/03/2010;21/12/2018
TÉCNICO EM INFORMÁTICA;TÉCNICO;EDUCAÇÃO PRESENCIAL;INTEGRADO;IRATI;18/02/2013;17/12/2026
TÉCNICO EM INFORMÁTICA;TÉCNICO;EDUCAÇÃO PRESENCIAL;SUBSEQUENTE;IRATI;29/03/2010;18/12/2015
TÉCNICO EM LOGÍSTICA;TÉCNICO;EDUCAÇÃO A DISTÂNCIA;SUBSEQUENTE;IRATI;14/12/2015;22/12/2017
TÉCNICO EM MEIO AMBIENTE;TÉCNICO;EDUCAÇÃO A DISTÂNCIA;SUBSEQUENTE;IRATI;14/12/2015;22/12/2017
TÉCNICO EM PRODUÇÃO DE MODA;TÉCNICO;EDUCAÇÃO PRESENCIAL;SUBSEQUENTE;IRATI;09/08/2010;20/12/2013
TÉCNICO EM SECRETARIADO;TÉCNICO;EDUCAÇÃO A DISTÂNCIA;SUBSEQUENTE;IRATI;23/09/2010;24/09/2012
TÉCNICO EM SEGURANÇA DO TRABALHO;TÉCNICO;EDUCAÇÃO A DISTÂNCIA;SUBSEQUENTE;IRATI;14/12/2015;19/10/2020
TÉCNICO EM SERVIÇOS PÚBLICOS;TÉCNICO;EDUCAÇÃO A DISTÂNCIA;SUBSEQUENTE;IRATI;14/12/2015;22/12/2017
TÉCNICO EM VESTUÁRIO;TÉCNICO;EDUCAÇÃO PRESENCIAL;SUBSEQUENTE;IRATI;16/08/2010;13/12/2013
TÉCNICO EM ADMINISTRAÇÃO;TÉCNICO;EDUCAÇÃO A DISTÂNCIA;SUBSEQUENTE;IVAIPORÃ;14/12/2015;24/04/2018
TÉCNICO EM AGROECOLOGIA;TÉCNICO;EDUCAÇÃO PRESENCIAL;CONCOMITANTE;IVAIPORÃ;01/08/2011;22/12/2017
TÉCNICO EM AGROECOLOGIA;TÉCNICO;EDUCAÇÃO PRESENCIAL;INTEGRADO;IVAIPORÃ;09/02/2015;17/12/2027
TÉCNICO EM AGROECOLOGIA;TÉCNICO;EDUCAÇÃO PRESENCIAL;SUBSEQUENTE;IVAIPORÃ;01/03/2010;19/12/2014
TÉCNICO EM ELETROTÉCNICA;TÉCNICO;EDUCAÇÃO PRESENCIAL;CONCOMITANTE;IVAIPORÃ;07/02/2019;15/12/2020
TÉCNICO EM ELETROTÉCNICA;TÉCNICO;EDUCAÇÃO PRESENCIAL;INTEGRADO;IVAIPORÃ;10/02/2014;17/12/2027
TÉCNICO EM ELETROTÉCNICA;TÉCNICO;EDUCAÇÃO PRESENCIAL;SUBSEQUENTE;IVAIPORÃ;01/03/2010;18/12/2020
TÉCNICO EM INFORMÁTICA;TÉCNICO;EDUCAÇÃO PRESENCIAL;INTEGRADO;IVAIPORÃ;13/02/2012;17/12/2027
TÉCNICO EM MEIO AMBIENTE;TÉCNICO;EDUCAÇÃO A DISTÂNCIA;SUBSEQUENTE;IVAIPORÃ;14/12/2015;27/04/2018
TÉCNICO EM SEGURANÇA DO TRABALHO;TÉCNICO;EDUCAÇÃO A DISTÂNCIA;SUBSEQUENTE;IVAIPORÃ;14/12/2015;27/04/2018
TÉCNICO EM ADMINISTRAÇÃO;TÉCNICO;EDUCAÇÃO A DISTÂNCIA;SUBSEQUENTE;JACAREZINHO;14/12/2015;22/12/2017
TÉCNICO EM ALIMENTOS;TÉCNICO;EDUCAÇÃO PRESENCIAL;INTEGRADO;JACAREZINHO;14/02/2011;23/12/2027
TÉCNICO EM ALIMENTOS;TÉCNICO;EDUCAÇÃO PRESENCIAL;SUBSEQUENTE;JACAREZINHO;01/03/2010;20/12/2015
TÉCNICO EM ELETROMECÂNICA;TÉCNICO;EDUCAÇÃO PRESENCIAL;INTEGRADO;JACAREZINHO;14/02/2011;20/12/2024
TÉCNICO EM ELETROMECÂNICA;TÉCNICO;EDUCAÇÃO PRESENCIAL;SUBSEQUENTE;JACAREZINHO;01/03/2010;20/12/2015
TÉCNICO EM ELETROTÉCNICA;TÉCNICO;EDUCAÇÃO PRESENCIAL;INTEGRADO;JACAREZINHO;06/02/2018;23/12/2027
TÉCNICO EM INFORMÁTICA;TÉCNICO;EDUCAÇÃO PRESENCIAL;CONCOMITANTE;JACAREZINHO;22/08/2011;20/12/2013
TÉCNICO EM INFORMÁTICA;TÉCNICO;EDUCAÇÃO PRESENCIAL;INTEGRADO;JACAREZINHO;14/02/2011;23/12/2027
TÉCNICO EM INFORMÁTICA;TÉCNICO;EDUCAÇÃO PRESENCIAL;SUBSEQUENTE;JACAREZINHO;01/03/2010;20/12/2015
TÉCNICO EM MECÂNICA;TÉCNICO;EDUCAÇÃO PRESENCIAL;INTEGRADO;JACAREZINHO;06/02/2018;23/12/2027
TÉCNICO EM MEIO AMBIENTE;TÉCNICO;EDUCAÇÃO A DISTÂNCIA;SUBSEQUENTE;JACAREZINHO;14/12/2015;22/12/2017
TÉCNICO EM SEGURANÇA DO TRABALHO;TÉCNICO;EDUCAÇÃO A DISTÂNCIA;SUBSEQUENTE;JACAREZINHO;14/12/2015;22/12/2017
TÉCNICO EM TEATRO;TÉCNICO;EDUCAÇÃO PRESENCIAL;SUBSEQUENTE;JACAREZINHO;19/03/2012;19/12/2025
TÉCNICO EM TEATRO (ARTE DRAMÁTICA);TÉCNICO;EDUCAÇÃO PRESENCIAL;SUBSEQUENTE;JACAREZINHO;15/02/2016;18/12/2021
TÉCNICO EM ADMINISTRAÇÃO;TÉCNICO;EDUCAÇÃO A DISTÂNCIA;SUBSEQUENTE;JAGUARIAÍVA;21/11/2017;18/11/2019
TÉCNICO EM ALIMENTOS;TÉCNICO;EDUCAÇÃO PRESENCIAL;INTEGRADO;JAGUARIAÍVA;07/02/2019;17/12/2027
TÉCNICO EM BIOTECNOLOGIA;TÉCNICO;EDUCAÇÃO PRESENCIAL;INTEGRADO;JAGUARIAÍVA;07/02/2015;17/12/2027
TÉCNICO EM LOGÍSTICA;TÉCNICO;EDUCAÇÃO A DISTÂNCIA;SUBSEQUENTE;JAGUARIAÍVA;23/11/2017;05/12/2024
TÉCNICO EM MEIO AMBIENTE;TÉCNICO;EDUCAÇÃO A DISTÂNCIA;SUBSEQUENTE;JAGUARIAÍVA;14/12/2015;05/12/2024
TÉCNICO EM SEGURANÇA DO TRABALHO;TÉCNICO;EDUCAÇÃO A DISTÂNCIA;SUBSEQUENTE;JAGUARIAÍVA;14/12/2015;22/12/2017
TÉCNICO EM SERVIÇOS PÚBLICOS;TÉCNICO;EDUCAÇÃO A DISTÂNCIA;SUBSEQUENTE;JAGUARIAÍVA;20/11/2017;18/11/2019
TÉCNICO EM ADMINISTRAÇÃO;TÉCNICO;EDUCAÇÃO A DISTÂNCIA;SUBSEQUENTE;LONDRINA - CENTRO;21/09/2010;30/09/2012
TÉCNICO EM AGENTE COMUNITÁRIO DE SAÚDE;TÉCNICO;EDUCAÇÃO A DISTÂNCIA;SUBSEQUENTE;LONDRINA - CENTRO;14/12/2015;22/12/2017
TÉCNICO EM BIOTECNOLOGIA;TÉCNICO;EDUCAÇÃO PRESENCIAL;INTEGRADO;LONDRINA - CENTRO;02/03/2015;27/07/2022
TÉCNICO EM BIOTECNOLOGIA;TÉCNICO;EDUCAÇÃO PRESENCIAL;INTEGRADO;LONDRINA - NORTE;28/07/2022;17/12/2027
TÉCNICO EM ENFERMAGEM;TÉCNICO;EDUCAÇÃO PRESENCIAL;SUBSEQUENTE;LONDRINA - CENTRO;24/08/2009;27/07/2022
TÉCNICO EM ENFERMAGEM;TÉCNICO;EDUCAÇÃO PRESENCIAL;SUBSEQUENTE;LONDRINA - NORTE;28/07/2022;19/12/2025
TÉCNICO EM INFORMÁTICA;TÉCNICO;EDUCAÇÃO PRESENCIAL;INTEGRADO;LONDRINA - CENTRO;13/02/2012;27/07/2022
TÉCNICO EM INFORMÁTICA;TÉCNICO;EDUCAÇÃO PRESENCIAL;INTEGRADO;LONDRINA - NORTE;28/07/2022;17/12/2027
TÉCNICO EM LOGÍSTICA;TÉCNICO;EDUCAÇÃO A DISTÂNCIA;SUBSEQUENTE;LONDRINA - CENTRO;14/12/2015;22/12/2017
TÉCNICO EM MASSOTERAPIA;TÉCNICO;EDUCAÇÃO PRESENCIAL;SUBSEQUENTE;LONDRINA - CENTRO;24/08/2009;19/12/2025
TÉCNICO EM MEIO AMBIENTE;TÉCNICO;EDUCAÇÃO A DISTÂNCIA;SUBSEQUENTE;LONDRINA - CENTRO;14/12/2015;22/12/2017
TÉCNICO EM PRÓTESE DENTÁRIA;TÉCNICO;EDUCAÇÃO PRESENCIAL;SUBSEQUENTE;LONDRINA - CENTRO;24/08/2009;19/12/2025
TÉCNICO EM SAÚDE BUCAL;TÉCNICO;EDUCAÇÃO PRESENCIAL;SUBSEQUENTE;LONDRINA - CENTRO;29/08/2009;19/12/2025
TÉCNICO EM SERVIÇOS PÚBLICOS;TÉCNICO;EDUCAÇÃO A DISTÂNCIA;SUBSEQUENTE;LONDRINA - CENTRO;14/12/2015;22/12/2017
TÉCNICO EM ADMINISTRAÇÃO;TÉCNICO;EDUCAÇÃO A DISTÂNCIA;SUBSEQUENTE;PALMAS;02/09/2010;02/09/2012
TÉCNICO EM AGENTE COMUNITÁRIO DE SAÚDE;TÉCNICO;EDUCAÇÃO A DISTÂNCIA;SUBSEQUENTE;PALMAS;05/12/2022;05/12/2024
TÉCNICO EM ALIMENTAÇÃO ESCOLAR;TÉCNICO;EDUCAÇÃO A DISTÂNCIA;INTEGRADO;PALMAS;10/02/2014;15/12/2017
TÉCNICO EM ALIMENTOS;TÉCNICO;EDUCAÇÃO PRESENCIAL;INTEGRADO;PALMAS;10/02/2014;31/12/2026
TÉCNICO EM COOPERATIVISMO;TÉCNICO;EDUCAÇÃO PRESENCIAL;SUBSEQUENTE;PALMAS;10/02/2014;15/12/2014
TÉCNICO EM INFORMÁTICA PARA INTERNET;TÉCNICO;EDUCAÇÃO PRESENCIAL;INTEGRADO;PALMAS;19/02/2024;31/12/2026
TÉCNICO EM LOGÍSTICA;TÉCNICO;EDUCAÇÃO A DISTÂNCIA;SUBSEQUENTE;PALMAS;14/12/2015;22/12/2017
TÉCNICO EM MASSOTERAPIA;TÉCNICO;EDUCAÇÃO PRESENCIAL;SUBSEQUENTE;PALMAS;07/02/2011;14/12/2012
TÉCNICO EM MEIO AMBIENTE;TÉCNICO;EDUCAÇÃO A DISTÂNCIA;SUBSEQUENTE;PALMAS;14/12/2015;05/12/2024
TÉCNICO EM SECRETARIADO;TÉCNICO;EDUCAÇÃO A DISTÂNCIA;SUBSEQUENTE;PALMAS;02/09/2010;02/09/2012
TÉCNICO EM SEGURANÇA DO TRABALHO;TÉCNICO;EDUCAÇÃO A DISTÂNCIA;SUBSEQUENTE;PALMAS;14/12/2015;22/12/2017
TÉCNICO EM SERVIÇOS JURÍDICOS;TÉCNICO;EDUCAÇÃO PRESENCIAL;INTEGRADO;PALMAS;10/02/2014;31/12/2026
TÉCNICO EM SERVIÇOS PÚBLICOS;TÉCNICO;EDUCAÇÃO A DISTÂNCIA;SUBSEQUENTE;PALMAS;14/12/2015;22/12/2017
TÉCNICO EM VENDAS;TÉCNICO;EDUCAÇÃO PRESENCIAL;SUBSEQUENTE;PALMAS;13/02/2012;15/12/2014
TÉCNICO EM ADMINISTRAÇÃO;TÉCNICO;EDUCAÇÃO A DISTÂNCIA;SUBSEQUENTE;PARANAGUÁ;02/09/2010;02/09/2012
TÉCNICO EM AGENTE COMUNITÁRIO DE SAÚDE;TÉCNICO;EDUCAÇÃO A DISTÂNCIA;SUBSEQUENTE;PARANAGUÁ;14/12/2015;22/12/2017
TÉCNICO EM AGROECOLOGIA;TÉCNICO;EDUCAÇÃO PRESENCIAL;SUBSEQUENTE;PARANAGUÁ;21/02/2011;15/12/2012
TÉCNICO EM AQUICULTURA;TÉCNICO;EDUCAÇÃO PRESENCIAL;INTEGRADO;PARANAGUÁ;30/08/2008;18/12/2015
TÉCNICO EM ELETROMECÂNICA;TÉCNICO;EDUCAÇÃO PRESENCIAL;INTEGRADO;PARANAGUÁ;02/03/2009;15/12/2012
TÉCNICO EM ELETROMECÂNICA;TÉCNICO;EDUCAÇÃO PRESENCIAL;SUBSEQUENTE;PARANAGUÁ;14/02/2011;18/12/2015
TÉCNICO EM GUIA DE TURISMO;TÉCNICO;EDUCAÇÃO PRESENCIAL;SUBSEQUENTE;PARANAGUÁ;14/02/2011;15/07/2012
TÉCNICO EM INFORMÁTICA;TÉCNICO;EDUCAÇÃO PRESENCIAL;INTEGRADO;PARANAGUÁ;01/09/2008;20/12/2027
TÉCNICO EM LOGÍSTICA;TÉCNICO;EDUCAÇÃO A DISTÂNCIA;SUBSEQUENTE;PARANAGUÁ;14/12/2015;02/12/2024
TÉCNICO EM LOGÍSTICA;TÉCNICO;EDUCAÇÃO PRESENCIAL;INTEGRADO;PARANAGUÁ;01/09/2008;15/12/2014
TÉCNICO EM MANUTENÇÃO E SUPORTE EM INFORMÁTICA;TÉCNICO;EDUCAÇÃO PRESENCIAL;SUBSEQUENTE;PARANAGUÁ;02/03/2009;15/12/2012
TÉCNICO EM MECÂNICA;TÉCNICO;EDUCAÇÃO PRESENCIAL;INTEGRADO;PARANAGUÁ;14/02/2011;20/12/2027
TÉCNICO EM MECÂNICA;TÉCNICO;EDUCAÇÃO PRESENCIAL;SUBSEQUENTE;PARANAGUÁ;02/03/2009;15/12/2012
TÉCNICO EM MEIO AMBIENTE;TÉCNICO;EDUCAÇÃO PRESENCIAL;INTEGRADO;PARANAGUÁ;05/02/2014;20/12/2027
TÉCNICO EM PORTOS;TÉCNICO;EDUCAÇÃO PRESENCIAL;SUBSEQUENTE;PARANAGUÁ;14/02/2011;15/12/2012
TÉCNICO EM PRODUÇÃO CULTURAL;TÉCNICO;EDUCAÇÃO PRESENCIAL;INTEGRADO;PARANAGUÁ;05/02/2024;20/12/2027
TÉCNICO EM SECRETARIADO;TÉCNICO;EDUCAÇÃO A DISTÂNCIA;SUBSEQUENTE;PARANAGUÁ;14/09/2010;14/09/2012
TÉCNICO EM SEGURANÇA DO TRABALHO;TÉCNICO;EDUCAÇÃO A DISTÂNCIA;SUBSEQUENTE;PARANAGUÁ;14/12/2015;22/12/2017
TÉCNICO EM SERVIÇOS PÚBLICOS;TÉCNICO;EDUCAÇÃO A DISTÂNCIA;SUBSEQUENTE;PARANAGUÁ;14/12/2015;22/12/2017
TÉCNICO EM ADMINISTRAÇÃO;TÉCNICO;EDUCAÇÃO A DISTÂNCIA;SUBSEQUENTE;PARANAVAÍ;31/08/2010;19/12/2012
TÉCNICO EM AGROINDÚSTRIA;TÉCNICO;EDUCAÇÃO PRESENCIAL;INTEGRADO;PARANAVAÍ;03/02/2014;20/12/2027
TÉCNICO EM ALIMENTOS;TÉCNICO;EDUCAÇÃO PRESENCIAL;CONCOMITANTE;PARANAVAÍ;14/02/2011;30/03/2013
TÉCNICO EM ALIMENTOS;TÉCNICO;EDUCAÇÃO PRESENCIAL;SUBSEQUENTE;PARANAVAÍ;16/08/2010;13/12/2013
TÉCNICO EM ELETROMECÂNICA;TÉCNICO;EDUCAÇÃO PRESENCIAL;CONCOMITANTE;PARANAVAÍ;14/02/2011;30/03/2013
TÉCNICO EM ELETROMECÂNICA;TÉCNICO;EDUCAÇÃO PRESENCIAL;INTEGRADO;PARANAVAÍ;03/02/2014;28/02/2020
TÉCNICO EM ELETROMECÂNICA;TÉCNICO;EDUCAÇÃO PRESENCIAL;SUBSEQUENTE;PARANAVAÍ;16/08/2010;20/12/2026
TÉCNICO EM INFORMÁTICA;TÉCNICO;EDUCAÇÃO PRESENCIAL;CONCOMITANTE;PARANAVAÍ;14/02/2011;30/03/2013
TÉCNICO EM INFORMÁTICA;TÉCNICO;EDUCAÇÃO PRESENCIAL;INTEGRADO;PARANAVAÍ;13/02/2012;20/12/2027
TÉCNICO EM INFORMÁTICA;TÉCNICO;EDUCAÇÃO PRESENCIAL;SUBSEQUENTE;PARANAVAÍ;16/08/2010;27/02/2015
TÉCNICO EM MECATRÔNICA;TÉCNICO;EDUCAÇÃO PRESENCIAL;INTEGRADO;PARANAVAÍ;06/02/2017;20/12/2027
TÉCNICO EM MEIO AMBIENTE;TÉCNICO;EDUCAÇÃO A DISTÂNCIA;SUBSEQUENTE;PARANAVAÍ;14/12/2015;22/12/2017
TÉCNICO EM SECRETARIADO;TÉCNICO;EDUCAÇÃO A DISTÂNCIA;SUBSEQUENTE;PARANAVAÍ;09/09/2010;19/12/2012
TÉCNICO EM ADMINISTRAÇÃO;TÉCNICO;EDUCAÇÃO A DISTÂNCIA;INTEGRADO;PINHAIS;06/02/2024;22/12/2027
TÉCNICO EM ADMINISTRAÇÃO;TÉCNICO;EDUCAÇÃO A DISTÂNCIA;SUBSEQUENTE;PINHAIS;01/12/2015;03/08/2020
TÉCNICO EM ADMINISTRAÇÃO;TÉCNICO;EDUCAÇÃO PRESENCIAL;INTEGRADO;PINHAIS;01/03/2015;22/12/2027
TÉCNICO EM AGENTE COMUNITÁRIO DE SAÚDE;TÉCNICO;EDUCAÇÃO A DISTÂNCIA;SUBSEQUENTE;PINHAIS;01/12/2015;19/12/2019
TÉCNICO EM INFORMÁTICA;TÉCNICO;EDUCAÇÃO PRESENCIAL;INTEGRADO;PINHAIS;01/03/2015;22/12/2027
TÉCNICO EM LOGÍSTICA;TÉCNICO;EDUCAÇÃO A DISTÂNCIA;INTEGRADO;PINHAIS;23/12/2017;19/12/2019
TÉCNICO EM LOGÍSTICA;TÉCNICO;EDUCAÇÃO A DISTÂNCIA;SUBSEQUENTE;PINHAIS;01/12/2015;20/12/2019
TÉCNICO EM MEIO AMBIENTE;TÉCNICO;EDUCAÇÃO A DISTÂNCIA;SUBSEQUENTE;PINHAIS;01/12/2015;18/12/2019
TÉCNICO EM MULTIMEIOS DIDÁTICOS;TÉCNICO;EDUCAÇÃO A DISTÂNCIA;SUBSEQUENTE;PINHAIS;17/12/2014;31/08/2016
TÉCNICO EM SEGURANÇA DO TRABALHO;TÉCNICO;EDUCAÇÃO A DISTÂNCIA;SUBSEQUENTE;PINHAIS;01/12/2015;20/12/2019
TÉCNICO EM SERVIÇOS PÚBLICOS;TÉCNICO;EDUCAÇÃO A DISTÂNCIA;SUBSEQUENTE;PINHAIS;01/12/2015;20/12/2019
TÉCNICO EM TRANSAÇÕES IMOBILIÁRIAS;TÉCNICO;EDUCAÇÃO A DISTÂNCIA;SUBSEQUENTE;PINHAIS;01/09/2014;29/11/2025
TÉCNICO EM VENDAS;TÉCNICO;EDUCAÇÃO A DISTÂNCIA;SUBSEQUENTE;PINHAIS;26/03/2018;09/10/2019
TÉCNICO EM ADMINISTRAÇÃO;TÉCNICO;EDUCAÇÃO A DISTÂNCIA;SUBSEQUENTE;PITANGA;14/12/2015;22/12/2017
TÉCNICO EM AGENTE COMUNITÁRIO DE SAÚDE;TÉCNICO;EDUCAÇÃO A DISTÂNCIA;SUBSEQUENTE;PITANGA;14/12/2015;22/12/2017
TÉCNICO EM ALIMENTOS;TÉCNICO;EDUCAÇÃO PRESENCIAL;INTEGRADO;PITANGA;05/02/2024;17/12/2027
TÉCNICO EM COOPERATIVISMO;TÉCNICO;EDUCAÇÃO PRESENCIAL;INTEGRADO;PITANGA;09/02/2015;17/12/2027
TÉCNICO EM LOGÍSTICA;TÉCNICO;EDUCAÇÃO A DISTÂNCIA;SUBSEQUENTE;PITANGA;28/04/2016;22/12/2017
TÉCNICO EM MEIO AMBIENTE;TÉCNICO;EDUCAÇÃO A DISTÂNCIA;SUBSEQUENTE;PITANGA;14/12/2015;22/12/2017
TÉCNICO EM SERVIÇOS PÚBLICOS;TÉCNICO;EDUCAÇÃO A DISTÂNCIA;SUBSEQUENTE;PITANGA;14/12/2015;22/12/2017
TÉCNICO EM ADMINISTRAÇÃO;TÉCNICO;EDUCAÇÃO A DISTÂNCIA;SUBSEQUENTE;QUEDAS DO IGUAÇU;14/12/2015;22/12/2017
TÉCNICO EM AGENTE COMUNITÁRIO DE SAÚDE;TÉCNICO;EDUCAÇÃO A DISTÂNCIA;SUBSEQUENTE;QUEDAS DO IGUAÇU;20/04/2016;22/12/2017
TÉCNICO EM INFORMÁTICA;TÉCNICO;EDUCAÇÃO PRESENCIAL;INTEGRADO;QUEDAS DO IGUAÇU;15/02/2016;18/12/2026
TÉCNICO EM MEIO AMBIENTE;TÉCNICO;EDUCAÇÃO A DISTÂNCIA;SUBSEQUENTE;QUEDAS DO IGUAÇU;14/12/2015;22/12/2017
TÉCNICO EM MEIO AMBIENTE;TÉCNICO;EDUCAÇÃO PRESENCIAL;INTEGRADO;QUEDAS DO IGUAÇU;09/02/2023;18/12/2026
TÉCNICO EM SEGURANÇA DO TRABALHO;TÉCNICO;EDUCAÇÃO A DISTÂNCIA;SUBSEQUENTE;QUEDAS DO IGUAÇU;14/12/2015;22/12/2017
TÉCNICO EM SERVIÇOS PÚBLICOS;TÉCNICO;EDUCAÇÃO A DISTÂNCIA;SUBSEQUENTE;QUEDAS DO IGUAÇU;14/12/2015;22/12/2017
TÉCNICO EM ADMINISTRAÇÃO;TÉCNICO;EDUCAÇÃO A DISTÂNCIA;SUBSEQUENTE;TELÊMACO BORBA;14/09/2010;20/12/2019
TÉCNICO EM AGROECOLOGIA;TÉCNICO;EDUCAÇÃO PRESENCIAL;CONCOMITANTE;TELÊMACO BORBA;14/02/2011;21/12/2012
TÉCNICO EM AGROECOLOGIA;TÉCNICO;EDUCAÇÃO PRESENCIAL;SUBSEQUENTE;TELÊMACO BORBA;14/02/2011;21/12/2012
TÉCNICO EM AUTOMAÇÃO INDUSTRIAL;TÉCNICO;EDUCAÇÃO PRESENCIAL;INTEGRADO;TELÊMACO BORBA;10/02/2014;23/12/2027
TÉCNICO EM DESIGN DE MÓVEIS;TÉCNICO;EDUCAÇÃO PRESENCIAL;SUBSEQUENTE;TELÊMACO BORBA;14/02/2011;05/07/2013
TÉCNICO EM ELETROMECÂNICA;TÉCNICO;EDUCAÇÃO PRESENCIAL;SUBSEQUENTE;TELÊMACO BORBA;01/03/2010;18/12/2015
TÉCNICO EM FLORESTAS;TÉCNICO;EDUCAÇÃO PRESENCIAL;CONCOMITANTE;TELÊMACO BORBA;14/02/2011;21/12/2012
TÉCNICO EM FLORESTAS;TÉCNICO;EDUCAÇÃO PRESENCIAL;INTEGRADO;TELÊMACO BORBA;13/02/2012;19/12/2014
TÉCNICO EM FLORESTAS;TÉCNICO;EDUCAÇÃO PRESENCIAL;SUBSEQUENTE;TELÊMACO BORBA;01/03/2010;21/12/2012
TÉCNICO EM INFORMÁTICA;TÉCNICO;EDUCAÇÃO PRESENCIAL;CONCOMITANTE;TELÊMACO BORBA;14/02/2011;21/12/2012
TÉCNICO EM INFORMÁTICA;TÉCNICO;EDUCAÇÃO PRESENCIAL;SUBSEQUENTE;TELÊMACO BORBA;01/03/2010;21/12/2012
TÉCNICO EM INFORMÁTICA PARA INTERNET;TÉCNICO;EDUCAÇÃO PRESENCIAL;INTEGRADO;TELÊMACO BORBA;18/02/2013;23/12/2027
TÉCNICO EM INFORMÁTICA PARA INTERNET;TÉCNICO;EDUCAÇÃO PRESENCIAL;SUBSEQUENTE;TELÊMACO BORBA;13/02/2012;23/12/2015
TÉCNICO EM LOGÍSTICA;TÉCNICO;EDUCAÇÃO A DISTÂNCIA;SUBSEQUENTE;TELÊMACO BORBA;22/11/2017;19/12/2019
TÉCNICO EM MECÂNICA;TÉCNICO;EDUCAÇÃO PRESENCIAL;INTEGRADO;TELÊMACO BORBA;13/02/2012;27/12/2027
TÉCNICO EM MEIO AMBIENTE;TÉCNICO;EDUCAÇÃO A DISTÂNCIA;SUBSEQUENTE;TELÊMACO BORBA;20/05/2016;18/12/2019
TÉCNICO EM PROGRAMAÇÃO DE JOGOS DIGITAIS;TÉCNICO;EDUCAÇÃO PRESENCIAL;INTEGRADO;TELÊMACO BORBA;06/02/2018;19/12/2027
TÉCNICO EM PROGRAMAÇÃO DE JOGOS DIGITAIS;TÉCNICO;EDUCAÇÃO PRESENCIAL;SUBSEQUENTE;TELÊMACO BORBA;01/03/2010;05/04/2013
TÉCNICO EM SECRETARIADO;TÉCNICO;EDUCAÇÃO A DISTÂNCIA;SUBSEQUENTE;TELÊMACO BORBA;17/11/2010;17/12/2012
TÉCNICO EM SEGURANÇA DO TRABALHO;TÉCNICO;EDUCAÇÃO A DISTÂNCIA;SUBSEQUENTE;TELÊMACO BORBA;14/12/2015;20/12/2019
TÉCNICO EM SERVIÇOS PÚBLICOS;TÉCNICO;EDUCAÇÃO A DISTÂNCIA;SUBSEQUENTE;TELÊMACO BORBA;14/12/2015;16/12/2019
TÉCNICO EM AÇÚCAR E ÁLCOOL;TÉCNICO;EDUCAÇÃO PRESENCIAL;SUBSEQUENTE;UMUARAMA;14/02/2011;17/01/2014
TÉCNICO EM ADMINISTRAÇÃO;TÉCNICO;EDUCAÇÃO A DISTÂNCIA;SUBSEQUENTE;UMUARAMA;14/09/2010;22/12/2017
TÉCNICO EM AGROECOLOGIA;TÉCNICO;EDUCAÇÃO PRESENCIAL;CONCOMITANTE;UMUARAMA;03/08/2011;15/09/2013
TÉCNICO EM AGROECOLOGIA;TÉCNICO;EDUCAÇÃO PRESENCIAL;SUBSEQUENTE;UMUARAMA;03/08/2011;15/09/2013
TÉCNICO EM AGRONEGÓCIO;TÉCNICO;EDUCAÇÃO PRESENCIAL;CONCOMITANTE;UMUARAMA;24/05/2010;29/01/2016
TÉCNICO EM AGRONEGÓCIO;TÉCNICO;EDUCAÇÃO PRESENCIAL;SUBSEQUENTE;UMUARAMA;24/05/2010;22/12/2017
TÉCNICO EM CONTROLE AMBIENTAL;TÉCNICO;EDUCAÇÃO PRESENCIAL;SUBSEQUENTE;UMUARAMA;14/02/2011;21/07/2012
TÉCNICO EM DESENHO DE CONSTRUÇÃO CIVIL;TÉCNICO;EDUCAÇÃO PRESENCIAL;SUBSEQUENTE;UMUARAMA;14/02/2011;31/12/2018
TÉCNICO EM DESIGN DE INTERIORES;TÉCNICO;EDUCAÇÃO PRESENCIAL;SUBSEQUENTE;UMUARAMA;06/02/2017;19/12/2018
TÉCNICO EM DESIGN DE MÓVEIS;TÉCNICO;EDUCAÇÃO PRESENCIAL;SUBSEQUENTE;UMUARAMA;24/05/2010;18/08/2017
TÉCNICO EM EDIFICAÇÕES;TÉCNICO;EDUCAÇÃO PRESENCIAL;INTEGRADO;UMUARAMA;14/03/2016;31/12/2028
TÉCNICO EM INFORMÁTICA;TÉCNICO;EDUCAÇÃO PRESENCIAL;CONCOMITANTE;UMUARAMA;24/05/2010;21/07/2012
TÉCNICO EM INFORMÁTICA;TÉCNICO;EDUCAÇÃO PRESENCIAL;INTEGRADO;UMUARAMA;09/02/2015;31/12/2028
TÉCNICO EM INFORMÁTICA;TÉCNICO;EDUCAÇÃO PRESENCIAL;SUBSEQUENTE;UMUARAMA;24/05/2010;10/08/2018
TÉCNICO EM LOGÍSTICA;TÉCNICO;EDUCAÇÃO A DISTÂNCIA;SUBSEQUENTE;UMUARAMA;14/12/2015;22/12/2017
TÉCNICO EM MEIO AMBIENTE;TÉCNICO;EDUCAÇÃO A DISTÂNCIA;SUBSEQUENTE;UMUARAMA;14/12/2015;22/12/2017
TÉCNICO EM ORIENTAÇÃO COMUNITÁRIA;TÉCNICO;EDUCAÇÃO PRESENCIAL;SUBSEQUENTE;UMUARAMA;14/03/2011;22/08/2014
TÉCNICO EM QUÍMICA;TÉCNICO;EDUCAÇÃO PRESENCIAL;INTEGRADO;UMUARAMA;13/02/2012;31/12/2028
TÉCNICO EM SEGURANÇA DO TRABALHO;TÉCNICO;EDUCAÇÃO A DISTÂNCIA;SUBSEQUENTE;UMUARAMA;14/12/2015;22/12/2017
TÉCNICO EM SERVIÇOS PÚBLICOS;TÉCNICO;EDUCAÇÃO A DISTÂNCIA;SUBSEQUENTE;UMUARAMA;14/12/2015;22/12/2017
TÉCNICO EM ADMINISTRAÇÃO;TÉCNICO;EDUCAÇÃO A DISTÂNCIA;SUBSEQUENTE;UNIÃO DA VITÓRIA;14/12/2015;22/12/2017
TÉCNICO EM INFORMÁTICA;TÉCNICO;EDUCAÇÃO PRESENCIAL;INTEGRADO;UNIÃO DA VITÓRIA;23/02/2015;16/12/2026
TÉCNICO EM MANUTENÇÃO E SUPORTE EM INFORMÁTICA;TÉCNICO;EDUCAÇÃO PRESENCIAL;INTEGRADO;UNIÃO DA VITÓRIA;26/07/2016;23/12/2019
TÉCNICO EM MEIO AMBIENTE;TÉCNICO;EDUCAÇÃO PRESENCIAL;INTEGRADO;UNIÃO DA VITÓRIA;07/02/2019;06/12/2202
TÉCNICO EM SEGURANÇA DO TRABALHO;TÉCNICO;EDUCAÇÃO A DISTÂNCIA;SUBSEQUENTE;UNIÃO DA VITÓRIA;14/12/2015;22/12/2017
TÉCNICO EM SERVIÇOS PÚBLICOS;TÉCNICO;EDUCAÇÃO A DISTÂNCIA;SUBSEQUENTE;UNIÃO DA VITÓRIA;14/12/2015;22/12/2017
